727551123419226112	the rock you like a hurricane  # addtherockimproveanything  @ midnight 
727551933926543361	"@ midnight  # addtherockimproveanything  star wars  episode 1   "" the phantom rock "" "
727551928591208448	@ midnight  @ therock the milky dwayne  # addtherockimproveanything 
727555189482336258	the rock , the rock , and two smoking barrels  # addtherockimproveanything  @ midnight 
727555149606965248	@ midnight started from the rock bottom , now we're here  # addtherockimproveanything 
727554219171934208	fast times at ridgerock high- do you smell what the rock is smoking ? # addtherockimproveanything  @ midnight 
727555096360325120	dude , where's my car ? it doesn't matter where your car is ! # addtherockimproveanything  @ midnight  @ therock 
727555825418403840	@ midnight  @ therock democracy , hell no , therockcracy  # addtherockimproveanything 
727552749387264004	"@ midnight  # addtherockimproveanything  star wars  episode 3  "" revenge of the johnson "" "
727554180337033217	@ midnight  # addtherockimproveanything  bltdtrj sandwich . 
727554720118624257	the barrock hussain obama  # addtherockimproveanything  @ midnight 
727552301225922561	"@ midnight  # addtherockimproveanything  star wars episode 2  "" attack of the dwaynes  "" "
727551932710178817	he's just not that into the rock  # addtherockimproveanything  @ midnight 
727553360698740737	2 dwaynez   # addtherockimproveanything  @ midnight 
727551239370760192	rocky's angels  # addtherockimproveanything  @ midnight 
727555510531067904	@ midnight honey , i shrunk the rock  # addtherockimproveanything 
727365213482176512	the hills have raised eyebrows  # addtherockimproveanything  @ midnight 
727341125112094721	the rock , me , amadeus  # addtherockimproveanything  @ midnight 
727342842536927232	the rock and morty   # addtherockimproveanything  @ midnight 
727427945145470976	the people's elbow vs . larry flint  # addtherockimproveanything  @ midnight 
727491554194120705	how the rock met your mother  # addtherockimproveanything  @ midnight 
727363671018508288	the rock is my shepherd ; i shall not want  # addtherockimproveanything  @ midnight 
727339842519048192	purple dwayne   # addtherockimproveanything  @ midnight 
727357675059687424	dateline's to lay the smackdown on a predator  # addtherockimproveanything  @ midnight 
727339863192784898	crosby , stills , the rock , nash , & young  # addtherockimproveanything  @ midnight 
727348480751075328	rock , rock , and two rocking barrels  # addtherockimproveanything  @ midnight 
