718114883238105088	#catbooks @midnight the red dot of insanity
718107632486129664	stray it forward #catbooks @midnight #pointsme
718112729031114753	i know how the caged bird tastes  #catbooks @midnight
718116313843916800	#catbooks  the mount of monte's cristo  @midnight
718123542517321729	@midnight  #catbooks are you there god it's me fluffy.
718124524059930624	meow before you #catbooks @midnight
718112048123678720	are you there, human?  it's me, mittens  #catbooks @midnight
718107503481868288	james and the tenative reach #catbooks @midnight
718127674137321473	a clockwork orange tabby. #catbooks @midnight
718107604476538882	the girl who loved tom cats #catbooks @midnight
718125062340145152	#catbooks @midnight  to kill a mocking bird, any bird really
718107831375822848	@midnight tale of two kitties #catbooks
718101075530801154	are you there dog? it's me, garfield   @midnight #catbooks
718122101761134592	"@midnight   ""cat fight club"" #catbooks"
718108848070873089	the sound and the furry #catbooks @midnight #pointsme
718116921015709696	a song of mice and fur @midnight #catbooks
718107125260521472	see cats run. @midnight  #catbooks
718123646665928704	litter box on the prairie #catbooks @midnight
718103082568138753	the nine lives of walter kitty @midnight #catbooks
718111701506232320	lady catterley's lover. #catbooks @midnight
718114188900458497	#catbooks @midnight the mousefinder
718112960950968320	leaves of cat-grass  #catbooks @midnight
718111025090789376	love in the time of hairballs #catbooks @midnight
718125130153648129	i'm still here hulu has rolled on to @midnight the hashtag wars, #catbooks ! tiffany haddish from the great #carmichaelshow is on too!
718114759757922304	#catbooks a farewell to arm chairs @midnight
718101745356787712	the handmaid's yarn #catbooks @midnight 
718110637914595330	100 years of ingratitude #catbooks @midnight
718124947453906945	#catbooks @midnight  the scratcher in the rye
718100104406818816	"@duckmusings don't you mean ""scratcher in the eye""? #catbooks @midnight"
718118973934596098	are you there god? its me, morris #catbooks @midnight
718114769757188097	kitten poop for the soul #catbooks @midnight
718106861833052160	the cats of amontillado #catbooks @midnight #pointsme
718107811964694528	@midnight one fish two fish my fish no (more) fish #catbooks
718118808288944128	@midnight meow-by dick #catbooks
718112111562338304	a clockwork orange tabby #catbooks @midnight #pointsme
718126356354228224	the cat in the cat #catbooks @midnight
718123861615583232	@midnight  #catbooks my side of the scratching post.
718110487850803200	@midnight  the cat in her gap #catbooks
718107523648106496	#catbooks @midnight as i lay dying ... i'm unconcerned cuz i gotz 8 more to go!
718114546104147968	#catbooks @midnight bring 'em back alive and give them to your human
718103530129776640	the invisible maze runner. #catbooks @midnight
718116908181164032	the big shorthair   @midnight #catbooks
718102036479344640	the brief wondrous life of oscar meow #catbooks @midnight
718125395866886144	@midnight the cat that flew over the cuckoos nest. #catbooks
718129189489156100	the secret life of walter kitty  #catbooks @midnight
718121472485527552	@midnight the chronicles of narnia? #catbooks
718108299992961025	@midnight i know why the caged bird is nervous #catbooks
718113573575204864	oh, the places you'll look for me, but i won't be in any of them  #catbooks @midnight
718112861109817344	the smell jar  #catbooks @midnight
718128717575430145	purrassic park #catbooks @midnight #hashtagwars
718116606748983296	things ripped apart. #catbooks @midnight
718104023379759109	50 shades of stray #catbooks @midnight
718116880230158336	@midnight damnit!  i missed the #catbooks hashtag game!! 
718129022291415040	the catfather #catbooks @midnight 
718107704095416320	harry potter and the goblet of catnip #catbooks @midnight
718112468892049408	the importance of feeding ernest.  ernest is the cat's name.  #catbooks @midnight
718107178893070339	a feral to arms #catbooks @midnight #pointsme
718121314268094464	hey @midnight! you dig #catbooks. check out the one i wrote on @readstela. it's called space tails. 
718109846340370432	lord of the felines #catbooks @midnight #pointsme
718118566654967809	eat, sleep, bite #catbooks @midnight
718125723295293440	#catbooks @midnight  the seven habits of bloodthirsty killing machines
718118496031346691	@midnight harry pussy and the prisoner of the laundry basket #catbooks
718107977790656512	@midnight the angry cat in the hat #catbooks
718103121151524864	to kill a mockingbird for lunch  #catbooks @midnight
718113057881370624	who has been chewing on all the flowers for algernon?  #catbooks @midnight
718117680759369728	@midnight harry potter &amp; the litter of secrets #catbooks
718104610465062912	@midnight  #catbooks , not a book but still funny, 2 cats, 1 litter box
718124907167617024	#catbooks @midnight  the old man and the cat who ate his face
718120390661263360	the thirty-nine lives. #catbooks @midnight
718107854142439424	the purrfect storm #catbooks @midnight
718122492938727424	50 shades of pussy  #catbooks @midnight
718124344883306496	the stray who came in from the cold. #catbooks @midnight
718112222774370305	@midnight #catbooks catcher 'n the fly
718114964318371840	alice in catnip land  #catbooks  @midnight
718115098233950209	#catbooks @midnight the call of the windowsill
718111412221001730	scratch 22 times for seemingly no reason #catbooks @midnight
718105399463964672	even my cat knows that rush limbaugh is a big fat idiot #catbooks @midnight
718103165657300993	memories of the future...  when we rule the world. #catbooks @midnight @wilw
718111549198471169	@midnight #catbooks to disembowel a mockingbird
718117219981373440	rocking chair nightmare @midnight #catbooks
718114113692557312	alexander and the terrible, horrible, no-good, very bad day that we ran out of kitty treats!  #catbooks @midnight
718112786916708353	a cat tree grows in brooklyn  #catbooks @midnight
718114263395672065	@midnight #catbooks  the cat in the box... 
718102431633170432	a tale of two kittys #catbooks @midnight
718114273130467333	cat-lover's travels. #catbooks @midnight
718114309318905856	#catbooks @midnight fang and claw
718126500847820800	@midnight  #catbooks 50 shades of tabby
718103003249643521	#catbooks @midnight 
718115428489408512	must hate dogs #catbooks @midnight
718124172967157760	one flew over the cuckoo's nest (before getting caight and eaten). #catbooks @midnight
718129354094600192	the scratcher in the eye  #catbooks @midnight
718102040212324352	run all night... over your head, for no reason.   #catbooks @midnight
718128736802091008	harry pussy and the order of the birdy @midnight #catbooks #noodlestories
718106357136625664	the hound of the baskervilles is a doo doo head #catbooks @midnight
718105098191286272	@midnight pride and aloofness #catbooks
718113717423120385	@midnight friskies business #catbooks
718123721664434176	@midnight  #catbooks everybody poops...in a box...
718123398115799040	@midnight #catbooks wind in the pussywillows
718101992023965697	the litter prince @midnight #catbooks
718108463545454593	eat. prey. lick. #catbooks @midnight
718127843830591488	eat purr love #catbooks @midnight
718104344864886784	@midnight of mice and birds #catbooks
718118739204395008	tiger, toyger, snowshoe, bombay. #catbooks @midnight
718115705397370880	calico of the wild #catbooks @midnight
718103355013378048	"@midnight #catbooks  .."" fifty shades of cat hair"""
718112306945781760	@midnight #catbooks best little cathouse in texas 
718104766291820545	tender vittle women #catbooks @midnight
718102480412938240	zoe's tail. #catbooks @midnight @scalzi
718102753831174144	you're never weird on the internet, when you're a cat. #catbooks @midnight @feliciaday
718114162757468161	"@midnight ""the power of meow: a spiritual enlightenment"" #catbooks"
718112483144245248	cat of la munchies #catbooks @midnight   #howtoruinacollection 
718116396635258880	for whom the collar's bell tolls. #catbooks @midnight
718115028965019648	devon rex. #catbooks @midnight
718128903886397440	#catbooks as i lay purring @midnight
718106717469458434	1 fish 2 fish red fish yum  @midnight #catbooks
718120795742937089	a tale of two kitties #catbooks @midnight
718129137991434240	#catbooks the round and the furry @midnight
718105139022839812	ate the mockingjay #catbooks @midnight
718113796133363712	a wrinkle in time is the only explanation for how good this cat is at hiding from me  #catbooks @midnight
718112090431623168	@midnight all the light we cannot catch #catbooks
718114365702955008	#catbooks @midnight kitten carson
718106026000580614	to kill a mockingbird and leave it in my owners shoes for them to find. #catbooks  @midnight
718107532237996033	#catbooks  the color purrple  @midnight
718103394133610496	octopussy the nadya suleman story #catbooks @midnight
717920404522803200	to haz and haz not #catbooks @midnight
717921330063015936	so long, and manx for all the fish #catbooks @midnight
717927145377570816	me toxoplasmosis pretty one day #catbooks @midnight
717930878459121664	hunt for red dot over and over  #catbooks @midnightnight #lasers
717918202731233281	@midnight the chronicles of yarnia #catbooks
717923251935178752	the feline of the baskervilles #catbooks @midnight
717946340538327040	#catbooks @midnight  i know why the caged bird no longer sings
717920279456952320	spay it forward #catbooks @midnight
717917544787677184	of mice and mice  #catbooks @midnight
717919252053819392	fancy feast of eden   #catbooks @midnight
