728269385199026177	all taints day   # lesserknownholidays  @ midnight  # hashtagwars 
728252109502722048	st . schmendrick's day- celebrated by religiously-confused jewish aspiring schlemiels  # lesserknownholidays  @ midnight  @ hardwick 
728273244424409088	@ midnight nov . 8 national don't vote for trump day  # lesserknownholidays 
728253577475575808	kiss a teen age mutant turtle day  # lesserknownholidays  @ midnight  
728263857718755328	bring your girlfriend's kid who resents the hell out of you and wishes you'd just die already to work day  # lesserknownholidays  @ midnight 
728259982932725760	phat person appreciation day  # lesserknownholidays  @ midnight 
728254988284268544	@ midnight  # lesserknownholidays talk louder than a black person at a movie theater 
728273396593610752	burning man  ( summer isle only ) # lesserknownholidays  @ midnight  # hashtagwars 
728268594597892096	announciation of the bloody mary   # lesserknownholidays  @ midnight  # hashtagwars 
728277202840608768	@ midnight if october 31st is all hallows' eve then clearly november 1st is all hallows' day . right ? # lesserknownholidays 
728279955373629440	@ midnight  false labor day  # lesserknownholidays 
728258654688976896	alzheimer's day   # lesserknownholidays  @ midnight  @ hardwick 
728262768391032832	shalloween-- where kids dress like their favorite teen mom . . . or presidential candidate  # lesserknownholidays  @ midnight 
728261542198697984	@ midnight  super bong sunday   # lesserknownholidays  
728261916548698115	manic-depressive monday  @ midnight  # lesserknownholidays 
728254016497410048	spring breakup  # lesserknownholidays  @ midnight 
728251606978813952	john candy day   # lesserknownholidays  @ midnight  keep dewey oxburger  & amp ; gus polinski in your thoughts ! and swallow a lot of pizzas ! ! ! 
728255676082880512	# lesserknownholidays  @ midnight leaving work at 10am but working by cell on the 405 friday 
728276611829628928	# lesserknownholidays date a white girl day  @ midnight 
728252054129512448	don't be to rough on the beaver day   # lesserknownholidays  @ midnight  
728254061175144448	@ midnight  # lesserknownholidays national masturbation day - celebrated hourly 
728254303069216769	@ midnight 4/21 national drug test day  # lesserknownholidays 
728261783203414016	st . patrice o'neal day  # lesserknownholidays  @ midnight 
728267205771563009	arrrrrrrrrbor day  # lesserknownholidays  @ midnight 
728255903649148928	@ midnight  # lesserknownholidays dink alcohol because your thirsty day 
728262757905108993	valentimes you felt single day  # lesserknownholidays  @ midnight 
728261784847589376	@ midnight you are not the father's day  # lesserknownholidays 
728280256415600640	st . neil patrick's harris day  # lesserknownholidays  @ midnight 
728256991844519936	@ midnight  # lesserknownholidays that one day of the year that's still left after all the other days have holidays 
728275421792374784	@ midnight white history month also known as the other 11  # lesserknownholidays 
728256253412003840	mosh-hashana  @ midnight  # lesserknownholidays 
728261631428288512	kwanzye westmas  # lesserknownholidays  @ midnight 
728262721087541249	@ midnight  # lesserknownholidays national stalker appreciation day - leave anon cards flowers  @ door and inappropriate crotch pics on phone 
728273802862465025	confusion day  ( father's day in harlem  ) # lesserknownholidays  @ midnight 
728262555940982784	may the 4th child be sacrificed  # lesserknownholidays  @ midnight 
728257712820097024	baby bash wednesday  # lesserknownholidays  @ midnight 
728273761091227651	white middle-class ennui remembrance day   # lesserknownholidays  @ midnight  # hashtagwars 
728270779763195904	cinco de miracle whip  # lesserknownholidays  @ midnight 
728275393355124736	netflix and childermas  # lesserknownholidays  @ midnight 
728261530387501056	black friday history month  # lesserknownholidays  @ midnight 
728261925277077504	sandra o'connor day  # lesserknownholidays  @ midnight 
728255434226704386	dyslexia ayd   # lesserknownholidays  @ midnight 
728256923259166720	side boob appreciation day   # lesserknownholidays  @ midnight 
728279809202081792	chinese christmas  # lesserknownholidays  @ midnight 
728256206041657345	kardashian anal bleaching day  # lesserknownholidays  @ midnight 
728261666136309760	kwanzaa  # lesserknownholidays  @ midnight 
728254651330605056	@ midnight revenge of the fifth  # lesserknownholidays 
728263987398250496	marty feldman gras  # lesserknownholidays  @ midnight 
728270051963379713	may day day  . . . the day in may you find out donald trump might actually be president  # lesserknownholidays  @ midnight 
728270560086532100	the showering of the juggalos   # lesserknownholidays  @ midnight  # hashtagwars 
728252869476950016	elephant in the tuesday   # lesserknownholidays  @ midnight 
728260779078623232	@ midnight martin luther king funeral day . # lesserknownholidays 
728256295896113152	sweepstake day  # lesserknownholidays  @ midnight  
728263984055341057	@ adiobroyster  @ midnight national date a sexy girl who hasn't had sex in 3 . 5 years day  ( too much ? ) # lesserknownholidays 
728257448641888256	wwe wrestlemania  # lesserknownholidays  @ midnight 
728255077794889729	solidween . . . # lesserknownholidays  . @ midnight  . @ hardwick 
728281061327708160	mother fu * er's day  # lesserknownholidays  @ midnight 
728267939044986880	confederate flag day  # lesserknownholidays  @ midnight 
728267064943599617	cinnamon bunday  # lesserknownholidays  @ midnight 
728263539253608448	thanksforgiving me a headache  # lesserknownholidays  @ midnight 
728263369015234560	halo weenies  # lesserknownholidays  @ midnight 
728277051422081024	# lesserknownholidays my birthday , dammit  @ midnight 
728276389565075456	@ midnight shart week  # lesserknownholidays 
728258493329838081	ass wind's day  # lesserknownholidays  @ midnight 
728252651276795904	@ midnight drink day : americans take normal holidays in other countries as an excuse to drink alcohol all day  # lesserknownholidays 
728281115203674113	@ midnight yeaster monday  # lesserknownholidays 
728274343000596480	@ midnight jeremy piven's birthday  # lesserknownholidays 
728274657653071872	@ midnight ber tuesday  # lesserknownholidays 
728255684035280896	@ midnight  # lesserknownholidays national obviously having sex under a blanket in the park day 
728256081927888896	good god  @ nikkiglaser is killed it last night on  @ midnight i fell out of my chair over dog birthdays  # lesserknownholidays 
728280756800212992	bad friday  # lesserknownholidays  @ midnight 
728253455341486081	the day before tomorrow   # lesserknownholidays  @ midnight  feasting and debauchery  . . . and your you better get started ! 
728255977934467072	old year's day . . . the day when people finally stop wishing you a happy new year   # lesserknownholidays  . @ midnight  . @ hardwick 
728260323212304384	may the fourteenth be without you . # lesserknownholidays  @ midnight 
728278620674744320	@ midnight adams , wednesday  # lesserknownholidays 
728258445476925440	"marxest day  # lesserknownholidays  @ midnight   "" if i say you have a beautiful holiday , would you hold it against me ? "" -groucho marx "
728267367810097155	st . elsewhere day  # lesserknownholidays  @ midnight 
728251757709512704	kelly rowland day   @ midnight  @ nikkiglaser  @ ronfunches  @ kellyrowland   @ thomaslennon  # lesserknownholidays 
728263763934109696	the 4th of youlie independence day from your cheating spouse  # lesserknownholidays  @ midnight 
728266558745681920	assover   # lesserknownholidays  @ midnight  # hashtagwars 
728258412442587136	@ midnight  july 6  : murder day  ( the 187th day of the year ) . july 5 in leap years   # lesserknownholidays 
728260826163904512	any excuse to drink day  # lesserknownholidays  @ midnight 
728265540288942080	@ midnight   # lesserknownholidays  international tuba day  ( this is real ! ) 
728254644741361664	in memoriam day - celebrated halfway into every rewards show  # lesserknownholidays  @ midnight 
728274302206873602	i'm just going to get some smokes  # lesserknownholidays ! @ midnight 
728266889403621376	feast of saint mr . belvedere   # lesserknownholidays  @ midnight  # hashtagwars 
728266423752134656	rocktober - an entire month for geologists  # lesserknownholidays  @ midnight 
728274284376809472	ozzfist   # lesserknownholidays  @ midnight  # hashtagwars 
728255711877025793	@ midnight anal sex day  # lesserknownholidays  # jimjefferies   # april18th 
728278501724278785	@ midnight ruby tuesday  # lesserknownholidays 
728281041668964352	@ midnight st . john paul i i day . . . usually around back to school time . # lesserknownholidays 
728257901941407744	thankstakings  # lesserknownholidays  @ midnight 
728262193347592192	@ midnight  # lesserknownholidays ballerina appreciation day  @ mistyonpointe  @ dadancacademy we burn toe shoes and massage feet in celebration . 
728259007144710150	@ midnight revenge of the fifth day  # lesserknownholidays 
728261412984918018	sheila easter  # lesserknownholidays  @ midnight 
728270223925755904	@ midnight  # lesserknownholidays  move to canada day-january 20 , 2017  trump or clinton , we're screwed ! 
728257300813651968	@ midnight  free clinic day : feb . 15   # lesserknownholidays 
728256736952389632	@ midnight  # lesserknownholidays national social media re-posting day 
728257574194302977	chris-hard-mas : the holiday when you get points in your stocking from a bearded man in a suit ! # lesserknownholidays  @ midnight  @ hardwick 
728259617541611522	real dancing day  # lesserknownholidays  @ midnight  @ chrisdelia  # realdancing 
728267001466998784	beauty and the beaster  # lesserknownholidays  @ midnight 
728254469159288834	dependants day   # lesserknownholidays  @ midnight 
728256807177748480	february is national finally remember to write the right year month  # lesserknownholidays  @ midnight 
728278807543746561	rash hashanah - the itchiest day of the year ! # lesserknownholidays  @ midnight 
728280800123293697	@ midnight beano awareness day  # lesserknownholidays 
728263713711525888	@ adiobroyster  @ midnight national starbucks spells names correctly day  # lesserknownholidays 
728255683557097472	@ midnight 7/11 memorial day  # lesserknownholidays 
728262452735934464	ashy wednesday  # lesserknownholidays  @ midnight 
728259503041466368	cinco de maya rudolph  # lesserknownholidays  @ midnight  @ mayarudolph  @ hardwick 
728252953639845888	gorilla thursday   # lesserknownholidays  @ midnight 
728266810328535042	@ midnight  # lesserknownholidays brissmas . every december 25th , male family members exchange circumcisions with each other . 
728257235181133826	pop-sicle day  # lesserknownholidays   @ midnight  
728259272971325440	cinco de ocho  # lesserknownholidays  @ midnight  @ ochocinco 
728259520795807745	@ midnight  kickboxing day   # lesserknownholidays 
728256056036577280	ferris bueller's day off day  # lesserknownholidays  @ midnight 
728274612518277120	bitch slap a total stranger day  # lesserknownholidays  @ midnight 
728256085035884550	stinko de mayonnaise  # lesserknownholidays  @ midnight 
728262215212523521	labor  & amp ; delivery day  # lesserknownholidays  @ midnight 
728253178282545153	sailor moonday  @ midnight  # lesserknownholidays 
728259032197177344	going commando day  # lesserknownholidays  @ midnight 
728276809784041472	# lesserknownholidays mcrib day  @ midnight 
728263466214002688	@ adiobroyster  @ midnight national beat a co-worker ass day  # lesserknownholidays 
728264087264632833	naughty secretary's day  # lesserknownholidays  @ midnight 
728252198925303810	national procrastination day is tomorrow  # lesserknownholidays  @ midnight 
728252906999316481	clean-shaven may  # lesserknownholidays  @ midnight  ( dammit  @ hardwick ! shave that thing off , you hipster lumberjack ! ) 
728262393348792321	earth stood still day  # lesserknownholidays  @ midnight 
728266917622865922	carlito's day  # lesserknownholidays  @ midnight 
728267509204324352	forget the name but the one where the cameltoe sees its shadow   # lesserknownholidays  @ midnight  # hashtagwars 
728259081870389250	ex-mass . it's where all your ex's talk bad about you over wine and cheese . # lesserknownholidays  @ midnight 
728064799913828352	keith richards cheats death again day  @ midnight  # lesserknownholidays 
728108212403081216	john stamos kills a first born to stay young eve  # lesserknownholidays  @ midnight 
728064865806385154	ass wednesday   # lesserknownholidays  @ midnight 
728213861371940864	fund insane kickstarter day  # lesserknownholidays  @ midnight 
728067935072215045	becky with the good hairday  # lesserknownholidays  @ midnight 
728080030648008704	national hashtagging holiday-celebrated at 11 : 15 pm m-th  # lesserknownholidays  @ midnight 
728093502190444545	walt disney was a known antisemite awareness month  # lesserknownholidays 
728071734226640906	delete your browser history awareness day  # lesserknownholidays  @ midnight 
728066338883706882	lewis black history month  # lesserknownholidays  @ midnight 
728064398082899968	michelle kwanzaa  # lesserknownholidays  @ midnight 
