725380407290556416	the fifth ailment  #makeamoviesick @midnight
725380870882922496	@midnight kung flu panda #makeamoviesick #pointsme
725383568206106624	star warts: the plantar menace #makeamoviesick @midnight @hardwick
725374778668769282	diarrhea of a wimpy kid #makeamoviesick @midnight
725376343911747584	there's something untreatable about mary #makeamoviesick @midnight
725383139598684161	@midnight the 40-year-old virus #makeamoviesick #pointsme
725373212675072000	@midnight #makeamoviesick shitty shitty bang bang
725376269978836993	@midnight miracles from heaving  #makeamoviesick
725387517776826369	@midnight nanny mcpheever  #makeamoviesick
725373092457902080	taken...to the doctor @midnight #makeamoviesick
725383951599079424	@midnight #makeamoviesick 28 zikas later
725388506525216768	@midnight pandemic  #makeamoviesick
725375452630667265	@midnight straight outta co-pay  #makeamoviesick
725381409355894784	@midnight undiagnosed tremors #makeamoviesick
725378145193476096	r*a*s*h #makeamoviesick @midnight
725387749600026624	#makeamoviesick how to lose a wart in ten days @midnight
725374200773386240	@midnight #makeamoviesick chicken pox run
725382769879187456	@midnight spring hip-breakers #makeamoviesick #pointsme
725386453560254464	@midnight the fissure king  #makeamoviesick
725376808820994048	@midnight #makeamoviesick there's something about typhoid mary
725380702963830784	finding nematodes #makeamoviesick @midnight
725386592068706305	the sickening #makeamoviesick @midnight
725374716320616448	magic microbes #makeamoviesick @midnight
725379113066844160	@midnight diseasy a  #makeamoviesick
725380745280151553	@midnight #makeamoviesick buffy the vampire facelift hunter
725386524116811777	@midnight big fissure  #makeamoviesick
725375730457174016	@midnight fantastic fourth bipass  #makeamoviesick
725383507703402497	@midnight fifty shades of graves disease  #makeamoviesick
725373602908901376	@midnight #makeamoviesick point break in my fever
725382936770408448	ghost pains world #makeamoviesick @midnight
725372661875019776	snow white and the seven stages of alzheimer's   #makeamoviesick @midnight @hashtagknights
725376405102456833	deep impacted wisdom tooth #makeamoviesick @midnight
725375607752691712	h.i.v. for vendetta  #makeamoviesick @midnight
725374208549638144	parathyroid inactivity #makeamoviesick @midnight
725387266835767296	@midnight the sorcerer's appendix  #makeamoviesick
725373019477135360	@midnight me before u..ti  #makeamoviesick
725383954820378624	diarrhea hard with a vengeance  #makeamoviesick @midnight
725381799476514816	cool hand leukemia #makeamoviesick @midnight
725376781222445056	@midnight #makeamoviesick this is spinal bifida
725374182033395712	hail, seizure!  #makeamoviesick @midnight
725379021534560257	@midnight 12 angry meningitis #makeamoviesick
725386036600254465	@midnight mad max: fury rotavirus #makeamoviesick
725387890587361280	smoky and the bandage #makeamoviesick @midnight
725372694661754880	@midnight #makeamoviesick cooties
725373347966509056	@midnight #makeamoviesick the big shart
725381676738699264	@midnight iron-deficient man  #makeamoviesick
725387755065200640	citizen pain #makeamoviesick @midnight
725387614606508032	@midnight saturday night fever (sunday morning, death)  #makeamoviesick
725382609220558848	@midnight the livers of others  #makeamoviesick
725373332598710275	forrest mumps  #makeamoviesick @midnight @hashtagknights
725388846448304128	vape #makeamoviesick @midnight
725388202954072064	@midnight underwound: blood warts  #makeamoviesick
725381912944988160	a history of violent diarrhea #makeamoviesick @midnight
725383317051310081	@midnight titanic outbreak #makeamoviesick #pointsme
725379176648208384	scarlet fever street #makeamoviesick @midnight
725376485796790273	@midnight heavin' scent  #makeamoviesick
725386731025887232	terms of an ear infection #makeamoviesick @midnight
725382149063450624	@midnight white house down syndrome #makeamoviesick #pointsme
725376347783204868	@midnight the 5 people you meet in heaving  #makeamoviesick
725383310998786051	the sickle cell #makeamoviesick @midnight
725382062346133504	alvin and the chipmumps #makeamoviesick @midnight
725388635986612224	@midnight the gall in our stones  #makeamoviesick
725383384881483776	5 easy pieces of my cranium #makeamoviesick @midnight
725388044799336448	lord of the ringworms #makeamoviesick @midnight
725373995189604352	winter's brittle bone #makeamoviesick @midnight
725381088764301312	@midnight #makeamoviesick common cold miners daughter
725384104108253184	the shingles #makeamoviesick @midnight
725382425216466944	@midnight x-men: first cl-aspbergers #makeamoviesick #pointsme
725388008644591616	@midnight the morning after pill  #makeamoviesick
725380508692156416	@midnight anal toy story #makeamoviesick #pointsme
725375096190304256	@midnight piss-stone: impassible  #makeamoviesick
725373480288550914	@midnight poxels  #makeamoviesick
725378074242510848	@midnight #makeamoviesick hart to heart attack
725374553157836800	@midnight #makeamoviesick strep up
725377587753537536	rise of the pollups of the apes. #makeamoviesick @midnight
725383321715412992	@midnight bed pans and broomsticks  #makeamoviesick
725379149939019776	@midnight star warts #makeamoviesick
725386586536419329	poltergesundheit @midnight  #makeamoviesick
725376255151886336	saturday night fever blister #makeamoviesick @midnight
725383480872423424	@midnight open flu season #makeamoviesick #pointsme
725382580367986688	@midnight aids-man #makeamoviesick #pointsme
725374043709313024	the wizard of ooze #makeamoviesick @midnight
725387479709278208	@midnight whiskey tango gut rot  #makeamoviesick
725380689529561088	@midnight carsick #makeamoviesick #pointsme
725374463269834753	@midnight the last itchhunter  #makeamoviesick
725373621036785664	@midnight infection  #makeamoviesick
725378868509577216	@midnight the man who knew infertility  #makeamoviesick
725387343125946372	#makeamoviesick @midnight meet joe black plague  (yep, i made death sick)
725386898751950849	terms of congealment #makeamoviesick @midnight
725388415357820931	@midnight the infectibles  #makeamoviesick
725374674486595584	@midnight #makeamoviesick the happiest legionnaires'
725375985411981313	@midnight #makeamoviesick the president's staph infection
725384523534446592	@midnight world war zyka  #makeamoviesick
725387713533345792	@midnight tragic mike  #makeamoviesick
725383534706184192	@midnight #makeamoviesick typhoid mary poppins
725388672133001216	footbruise #makeamoviesick @midnight
725374537366294529	night of the lupus.  #makeamoviesick @midnight
725388946104942592	flight of the kanyes #makeamoviesick @midnight
725385843901341696	@midnight death in the time of cholera #makeamoviesick
725383206157979648	loss of blood work #makeamoviesick @midnight
725382147985432576	children of meningitis #makeamoviesick @midnight
725375886262980608	@midnight the good dino's sore  #makeamoviesick
725374317773619200	@midnight polyp fiction  #makeamoviesick
725373605744414721	world war zika #makeamoviesick @midnight
725386945665359873	rebel without a gauze #makeamoviesick @midnight
725380274788376577	@midnight gone in sixty prilosecs #makeamoviesick
725374653238263810	@midnight the angry bowels movie  #makeamoviesick
725381237917945857	instreption @midnight #makeamoviesick
725381542550237184	pinocchiococcal #makeamoviesick @midnight
725387021728927744	forest bumps #makeamoviesick @midnight
725388817490923521	@midnight the amazing spider-veins  #makeamoviesick
725376955625787392	@midnight #makeamoviesick ben hurled
725373696668524545	@midnight infection  #makeamoviesick it's a cold within a cold, within a cold.
725377541779779584	fahrenheit 911.6 #makeamoviesick @midnight
725372640798584832	@midnight a rheumatism with a view #makeamoviesick
725388354439663617	witches of diabeteastwick #makeamoviesick @midnight
725379219975495680	almost famished #makeamoviesick @midnight
725387891434749953	@midnight batman benigns  #makeamoviesick
725373587868246016	remission: impossible #makeamoviesick @midnight
725382121599164418	@midnight the lice guys  #makeamoviesick
725385791824879616	@midnight septic pride  #makeamoviesick
725378696694124545	@midnight peter pancreatitis #makeamoviesick
725383629887692800	@midnight lamaze runner  #makeamoviesick
725387776032706560	@midnight the girl with the infected tattoo  #makeamoviesick
725375992353591296	the bourne colonoscopy #makeamoviesick @midnight
725374063628062720	@midnight #makeamoviesick son of salmonella
725383106807500801	lower gi problem child #makeamoviesick @midnight
725381431984168962	no country for old meningitis #makeamoviesick @midnight
725383594953289728	#makeamoviesick @midnight   the diarrhea of anne frank
725387658332004354	broke back mountain #makeamoviesick @midnight
725380432989147136	@midnight humpbatch of notre dame #makeamoviesick #pointsme
725373447883264000	@midnight #makeamoviesick daddy's home with the flu
725374944675123201	harry potter and the a-positive blood type prince. #makeamoviesick @midnight
725386951130370048	@midnight  return of the pink eye  #makeamoviesick
725373286645821440	cannonball runs #makeamoviesick @midnight
725374249733656577	@midnight cool runnings down my leg #makeamoviesick
725375347949195264	@midnight fight clubfoot  #makeamoviesick
725376890240798720	romancing the kidney stone #makeamoviesick @midnight
725381468252430336	@midnight afluenzal activity #makeamoviesick #pointsme
725376111111245824	@midnight miss congenitalbirthdefect  #makeamoviesick
725373998100418560	@midnight #makeamoviesick karate sids
725382208203034624	actual jersey boys #makeamoviesick @midnight
725383268980264960	schindler's cyst #makeamoviesick @midnight
725385829061812224	don't tell mom about the babysitter's dnr #makeamoviesick @midnight 
725385120597852161	@midnight tremors  #makeamoviesick
725383420876976128	@midnight #makeamoviesick undiscovered diseases in the jungle book
725376500405407744	8mm incision #makeamoviesick @midnight 
725381730346143747	@midnight airboune!... illness #makeamoviesick #pointsme
725381495880187904	@midnight #makeamoviesick sneezed &amp; confused
725382611510550529	@midnight #makeamoviesick saturday night 103 fever
725378400060203008	@midnight #makeamoviesick ebola monkey shines
725388905328029696	@midnight mrs.goutfire  #makeamoviesick
725377355460415488	@midnight #makeamoviesick lord of the ringworm
725375670235238400	national treasure: book of secretions #makeamoviesick @midnight 
725375854079922177	diphtheria of a mad black woman. #makeamoviesick @midnight
725381634963431424	@midnight the stomach linings playbook  #makeamoviesick
725386827142713345	a night at the operating room #makeamoviesick @midnight
725372759702798337	mad vax @midnight #makeamoviesick
725374845345796097	the amazing kid dying of radiation poisoning #makeamoviesick @midnight
725383583787929600	no cough syrup for old men #makeamoviesick @midnight
725374010859606016	@midnight john sick  #makeamoviesick
725378212440596480	harry potter and the chamber of sucrets. #makeamoviesick @midnight
725379740010315777	high fever sierra #makeamoviesick @midnight
725386735769780225	gonorrhea girl #makeamoviesick @midnight
725377350251106304	@midnight #makeamoviesick michael bea's teenage mutant ninja turtles
725381894993489920	@midnight the godfather (takes you in, after your parents die of plague)  #makeamoviesick
725374906649710592	@midnight engorge-ious basterds  #makeamoviesick
725374882771427328	@midnight #makeamoviesick name of the rosacea
725381687710867456	@midnight tequila sunstroke #makeamoviesick
725384919396937728	cholera mountain #makeamoviesick  @midnight
725384279082041345	@midnight the nose runner  #makeamoviesick
725216682042486784	harry potter and the prisoner of alzheimer's #makeamoviesick
725189691624976384	you, me & burning pee #makeamoviesick @midnight
725320972002332672	#makeamoviesick hedwig and the angry itch @midnight
725204785792585728	horton doesn't hear anything because he's deaf #makeamoviesick @midnight
725171682831421441	uti am legend @midnight #makeamoviesick
725165893601386496	there's something about malaria #makeamoviesick @midnight
725166525385158656	jurassic parkinson's #makeamoviesick @midnight
725166374125854720	the bi polar express  #makeamoviesick @midnight
725174685059555328	star wars: episode ii - attack of the crohn's #makeamoviesick @midnight
725166296829034496	ill bill @midnight  #makeamoviesick
