744321590855409664	# oceanmovies  @ midnight girl with the dolphin tattoo 
744946825799426048	he said , sushi said  # oceanmovies  @ midnight 
744880029125873664	dead clam  # oceanmovies  @ midnight 
744295430805135360	green lanternfish  # oceanmovies  @ midnight 
744734041891495936	fish , fish , bang , bang  # oceanmovies  @ midnight 
744734958292340737	choke on a six pack holder  # oceanmovies  @ midnight 
744708051458990080	# oceanmovies independence bay  @ midnight 
744738305611300864	house of 1000 seahorses  # oceanmovies   @ midnight 
744600160685043712	the buoy in the striped pyjamas  @ midnight  # oceanmovies 
744658496017178625	@ midnight  # oceanmovies eel dead 
744491068998094848	@ midnight  # oceanmovies hammerhead the movie : can't touch this ! 
744550372321091586	the trench connection  # oceanmovies  @ midnight 
744732725836288000	12 sea monkeys  # oceanmovies  @ midnight 
744945716175396864	the talented oyster ripley  # oceanmovies  @ midnight 
744298301579726852	the blobfish  # oceanmovies  @ midnight 
744740186446270464	@ midnight a fish full of dollars  # oceanmovies 
744261464207261697	@ midnight peggy tsunami got married  # oceanmovies 
744324596489396224	sharknado  ( only the greatest of the  # oceanmovies ever made ! ) @ midnight 
744293855160307712	seaside squad  # oceanmovies  @ midnight 
744718227872288768	@ midnight magic pike  # oceanmovies 
744709324153425920	@ midnight days of brine and roses  # oceanmovies 
744599384264835072	south carp : bigger , longer , and underwater  @ midnight  # oceanmovies 
744396268340842496	the tide along   # oceanmovies   @ midnight  
744732394217832448	against all cods    # oceanmovies  @ midnight 
744918768221065216	mackerel the knife  # oceanmovies  @ midnight  # hashtagwars 
744770061026607104	watching  @ midnight with  @ hardwick  ( @ nerdist ) . new ep -  @ bigjayoakerson  @ vancesanders and  @ dougbenson  ( s03e120 ) # oceanmovies  @ comedycentral 
744919186208624641	the scrods must be crazy  # oceanmovies  @ midnight  # hashtagwars 
744231843885617152	that thing you dugong ! # oceanmovies  @ midnight 
744919422171815936	oh , cod ! # oceanmovies  @ midnight  # hashtagwars 
744713333484433409	@ midnight the bonfire of the manatees  # oceanmovies 
744214456561958913	enter the seadragon  # oceanmovies  @ midnight  # hashtagwars 
744205776378486784	james and the giant squid   # oceanmovies  @ midnight 
744301485970821122	a plank walk to remember  # oceanmovies  @ midnight 
744294914427596800	angelfish in the outfield  # oceanmovies  @ midnight 
744733853630107648	eight below deck    # oceanmovies  @ midnight 
744599593929707520	madagascarp  @ midnight   # oceanmovies 
744306787877257216	octopus now  # oceanmovies  @ midnight 
744920024578568192	the otters  @ midnight  # oceanmovies 
744733114363109376	being john molco-fish  # oceanmovies  @ midnight 
744296837197275137	the lost seaworld  # oceanmovies  @ midnight 
744318717123657729	@ midnight  # oceanmovies air jaws : get off the fiel . . . aaaaaah my leg ! 
744296497768988672	seadevil's advocate  # oceanmovies  @ midnight 
744829199471435776	starfish troopers  # oceanmovies  @ midnight 
744272031026405376	love at first bait  # oceanmovies  @ midnight 
744549948612448261	davy jones' hurt locker  # oceanmovies  @ midnight 
744452226677084160	nautical born killers  # oceanmovies  @ midnight 
744677493366349824	meet the fins starring barracuda stiller and rainbowfish de niro   # oceanmovies  @ midnight 
744267765180030976	# oceanmovies a few good seamen  @ midnight 
744215533722140672	starfish trek  # oceanmovies  @ midnight  # hashtagwars 
744707733471977472	the trash island  @ midnight  # oceanmovies 
744549514648772608	humpback mountain  # oceanmovies  @ midnight 
744697012260573185	@ midnight  @ dougbenson   # oceanmovies oceans 8 the newly announced prequel . 
744412897925701632	@ midnight  # oceanmovies turtle recall ! 
744951545138151424	lost and flounder  # oceanmovies  @ midnight 
744279649862062080	# oceanmovies  @ midnight creature from the blue lagoon 
744740352138092544	mermaid in manhattan  # oceanmovies   @ midnight 
744736002250465281	the meaning of life aquatic  # oceanmovies  @ midnight 
744538855399956480	@ midnight  @ hardwick  @ nerdist  # oceanmovies  # reefwars 
744605359210274817	jurassic sea world  # oceanmovies  @ midnight 
744732457329528832	logan's swim  # oceanmovies  @ midnight 
744361142449909760	shrimptease  @ midnight  # oceanmovies 
744297060598423552	terminator : genifish  # oceanmovies  @ midnight 
744271282619854848	strait outta compton  # oceanmovies  @ midnight 
744610858819452930	debbie gets motor boated  # oceanmovies  @ midnight 
744771441955061760	# oceanmovies  @ midnight the world according to carp 
744268659531595776	the hunt for red herring  # oceanmovies  @ midnight 
744920222319017984	seal magnolias  @ midnight  # oceanmovies 
744734384448643072	@ billarrundale  @ shamans_heal  @ midnight  # oceanmovies sharknado  # 73 
744484388507815936	@ midnight that darn cat-fish ! # oceanmovies 
744293342230511616	my cousin finny   # oceanmovies  @ midnight 
744265957409972224	@ midnight halibut last night  # oceanmovies 
744213972371513344	flounders  # oceanmovies  @ midnight  # hashtagwars 
744460038891200513	la cage aux fillet  # oceanmovies  @ midnight 
744297314504876032	seacario  # oceanmovies  @ midnight 
744268287001845760	# oceanmovies there's something about maritime  @ midnight 
744358404626522116	prawn with the wind  @ midnight  # oceanmovies 
744295871941066752	the adventures of fin fin  # oceanmovies  @ midnight 
744358768717160448	wizard of cod  @ midnight  # oceanmovies 
744596210862809088	the sunken treasure of the sierra madre  @ midnight  # oceanmovies 
744721948798750720	@ midnight hakes on a plane  # oceanmovies 
744735615585902592	good will fishing  # oceanmovies  @ midnight 
744657766346719232	@ midnight  # oceanmovies school tides 
744733318550167552	from dusk to prawn  # oceanmovies  @ midnight 
744731014837108736	the ladies manatee  # oceanmovies  @ midnight 
744266329515974656	warcraft reef  # oceanmovies  @ midnight 
744204406795735040	how stella got her humpback   # oceanmovies  @ midnight 
744675993864941569	the fishy conjuring 2   # oceanmovies  @ midnight 
744424095480090625	@ midnight godzilla : the prequel  # oceanmovies 
744353736026316800	# oceanmovies schindler's fish  @ midnight 
744707981472727040	a river runs into it  @ midnight  # oceanmovies 
744687677258211328	@ midnight kelp ! # oceanmovies 
744251891840745472	raiders of the lost shark  # oceanmovies  @ midnight 
744731951282544641	chum like it hot    # oceanmovies  @ midnight 
744359243055149056	the cod father  @ midnight  # oceanmovies 
744733769328844801	the king of clown fish  # oceanmovies  @ midnight 
744265885184102400	@ midnight eel magnolias  # oceanmovies 
744287152154906624	@ midnight  # oceanmovies dank blue sea 
744945540228489216	looking for mr . sandbar  # oceanmovies  @ midnight 
744296579570540544	the shark knight  # oceanmovies  @ midnight 
744200131399008256	my beluga heaven  # oceanmovies  @ midnight 
744555376159383552	@ midnight titanic on ice   # oceanmovies 
744374813372866560	@ midnight back to school of fish  # oceanmovies  # hashtagwars 
744733650776842240	taxi diver  # oceanmovies  @ midnight 
744655510813696000	@ midnight  # oceanmovies anchorman 
744920221195079680	there's something about calamari  # oceanmovies  @ midnight  # hashtagwars 
744708622513496064	@ midnight the manta clause  # oceanmovies 
744321930333822976	one flew over the seagulls nest  # oceanmovies  @ midnight 
744308235201548288	behind anemone lines  # oceanmovies  @ midnight 
744204004708745217	puffer the vampire slayer  # oceanmovies  @ midnight 
744728907333570560	water sliding doors   # oceanmovies  @ midnight 
744277200279474176	bad bouys  # oceanmovies  @ midnight 
744311437531746306	@ midnight the dark k-narwhal  # oceanmovies 
744732217889349632	mullholland dive  # oceanmovies  @ midnight 
744599080148492288	the big wave theory  @ midnight  # oceanmovies 
744201399723003911	the codfather  @ midnight   # oceanmovies 
744917403302232064	the swordfish of the rings  # oceanmovies  @ midnight  # hashtagwars 
744731469554147328	lord of the calamari rings  # oceanmovies  @ midnight 
744292756990853120	the seashell network  # oceanmovies  @ midnight 
744734164792938496	the kelp    # oceanmovies  @ midnight 
744269218929991681	# oceanmovies listen to me marlin  @ midnight  trout is fresh water , not found in salt water aka oceans . 
744734785650622464	krill bill  # oceanmovies  @ midnight 
744695281296543745	@ midnight algae indahouse  # oceanmovies 
744606254127947776	the secret lives of manatees  # oceanmovies  @ midnight 
744389247176564736	public anemones  @ midnight   # oceanmovies 
744951858976940032	natural born killer whales  # oceanmovies  @ midnight 
744277573966798848	red 3  ( red right returning ) # oceanmovies  @ midnight 
744735832251072512	fear and lothing in atlantis  # oceanmovies  @ midnight 
744298063183872000	suicide squid  # oceanmovies  @ midnight 
744656433795366912	@ midnight  # oceanmovies the marlian 
744325088065949696	not without my otter  # oceanmovies  @ midnight 
744674627075506176	@ midnight  # oceanmovies don't be a menace to south pacific while drinking your juice in the beach 
744202148699901953	the cod , the bass and the eelly  @ midnight   # oceanmovies 
744301260178919424	the 40 year old urchin  # oceanmovies  @ midnight 
744745760479076352	starfish wars  @ midnight  # oceanmovies 
744252115862708226	breakin 2 : electric eel boogaloo   # oceanmovies  @ midnight 
744252368787628033	underwaterworld  # oceanmovies  @ midnight 
744836747188637696	@ midnight  # oceanmovies independence filet 
744204551364845568	titanic  # oceanmovies  @ midnight 
744413186397347840	@ midnight  # oceanmovies cod is not dead 
744740282890133508	@ midnight the karate squid  # oceanmovies 
744740703239028736	@ midnight the snook , the thief , his wife and her lover   # oceanmovies 
744732927112544256	valley of the dolphins   # oceanmovies  @ midnight 
743647340985098240	the fault in our starfish   # oceanmovies  @ midnight 
743669931292561408	straight trout of compton   # oceanmovies  @ midnight 
743650579071700995	harry potter and the deathly shallows  # oceanmovies  @ midnight 
743694452867268612	prawn of the dead  # oceanmovies  @ midnight 
743651575067971584	good krill hunting  # oceanmovies  @ midnight 
743656749207429120	can't hardly bait  # oceanmovies  @ midnight 
743647092246257668	sleeping with the anemone  @ midnight  # oceanmovies 
624059905373134848	guess who's chumming to dinner ? # sharkmovies  @ midnight 
743648506129317888	@ midnight  # oceanmovies poisson of the christ 
743647441619156992	20 , 000 leagues of their own  # oceanmovies  @ midnight 
