652880387161649153	get 'er done! #redneckin3words @midnight
652825121439248385	proud republican tools #redneckin3words @midnight
652857989494239232	@midnight rodeo baby conception #redneckin3words
652733009439801344	worships miley cyrus  #redneckin3words @midnight
652860737610584064	it's our culture #redneckin3words @midnight hattip to james webb
652742813403058176	local wrestling enthusiast  #redneckin3words @midnight
652767841389690881	"#redneckin3words @midnight ""my relatives"" that's three right?"
652707408972787712	@midnight frenching your sister #redneckin3words
652740550244757504	white lightning shots #redneckin3words @midnight
652702268135862272	up the holler  #redneckin3words @midnight
652866739286474752	obama is muslim #redneckin3words @midnight
652695768457957376	@midnight forth grade thirteen-year-old #redneckin3words
652694978078994432	@midnight #redneckin3words branson missouri vacation
652325912067706880	nascar and chill #redneckin3words @midnight
652844954239242240	deep-fried turkey thanksgiving @midnight #redneckin3words
652700428954505217	@midnight #redneckin3words tea party supporter
652699311625621504	trailer park royalty #redneckin3words @midnight
652702688392511489	dog: my copilot  #redneckin3words @midnight
652831190085435392	possum done yet?#redneckin3words @midnight
652740821251297280	hold mah beer... @midnight #redneckin3words
652708414833983488	@midnight kid rock groupie #redneckin3words
652859383081271296	critters are vittles #redneckin3words @midnight
652712681812586498	#redneckin3words @midnight readin's for richies
652743981730631680	guns, no abortions #redneckin3words @midnight
652889226900430849	gee, thanks obama #redneckin3words @midnight
652847041274507264	#hashtagwars married my cousin @midnight #redneckin3words
652699264716525570	actual sister wives #redneckin3words @midnight
652699680082673665	@midnight   double wide home #redneckin3words
652762388178030592	@midnight blumpkin incest parties #redneckin3words
652720265923723264	grittin' my tooth #redneckin3words @midnight
652880030041817088	science is bullsh*t!  #redneckin3words @midnight
652703311498506240	@midnight roll tide! #redneckin3words (yeah it's 2 words. that's the joke)
652738451389812736	moonshine, roadkill, taters #redneckin3words @midnight
652709160228945924	@midnight post sex grits #redneckin3words
652701757751975936	@midnight first cousin fucking #redneckin3words
652867022594928640	married my truck #redneckin3words @midnight
652841991634444288	@midnight #redneckin3words raccoon defeats breathalyzer
652729172142465024	one word: nra #redneckin3words @midnight
652712247211376640	@midnight #redneckin3words - hold my beer..
652836468705005568	#redneckin3words @midnight raccoon penis toothpick
652752908602077184	y'all watch this  #redneckin3words @midnight
652384327162945536	shotgun selfie stick #redneckin3words @midnight
652696357057228800	married my sister #redneckin3words @midnight
652824943223250944	dentists hate me #redneckin3words @midnight
652739794053672960	tur-duck-hen  #redneckin3words @midnight
652824292531437568	naked mudflap lady #redneckin3words @midnight
652879582220144640	tell you what.  #redneckin3words @midnight
652329136099323904	home school dropout  #redneckin3words @midnight
652740706675523584	confederate flag fanatic #redneckin3words @midnight
652858940678606848	rodeo drive cool #redneckin3words @midnight
652739500972486656	banjo dueling retards #redneckin3words @midnight
652822646552326144	hold my beer #redneckin3words  @midnight
652738208036360192	sister's me wife #redneckin3words @midnight
652748555904376832	beer gut acne @midnight #redneckin3words
652882386745692161	@midnight  moonshine whiskey dick   #redneckin3words
652695648932786176	@midnight #redneckin3words what's a dentist
652700295512756224	@midnight #redneckin3words hey, watch this!
652757364005830656	no coloreds allowed #redneckin3words @midnight @hardwick
652744338024235009	i'm kim davis.  #redneckin3words @midnight
652789810348838912	strip club scholarship #redneckin3words  @midnight
652709954575577089	@midnight crane game champion #redneckin3words
652699180243288064	shoot gun control #redneckin3words @midnight
652748696719765505	y'all know tater  #redneckin3words @midnight
652710479370956805	my sister wife #redneckin3words @midnight
652694721647611904	@midnight #redneckin3words            hey uncle dad!
652754735351468032	scattered smothered covered #redneckin3words @midnight
652738541814808576	jeff foxworthy fan #redneckin3words @midnight
652866190575030272	so i'm illiterate #redneckin3words @midnight
652883758815678465	divorcing my cousin. #redneckin3words @midnight
652828622840053760	@midnight married my cousin. #redneckin3words
652744517586554881	moonshine, overalls, pickups  #redneckin3words @midnight
652696965436846080	brother's my uncle #redneckin3words @midnight
652747746009452545	gravy flavored panties  #redneckin3words @midnight
652345865747722240	o  ver  alls #redneckin3words
652733556393816064	@midnight #redneckin3words remember the alamode!
652865828468170752	family speed dating #redneckin3words @midnight
652820778807771137	crystal meth cupcakes  #redneckin3words @midnight
652700576392675329	@midnight #redneckin3words heritage not hate!
652762662061932544	@midnight garth brook dentures #redneckin3words
652808075611607040	@midnight smoking while pregnant #redneckin3words
652828935651201024	@midnight headin' to walmart #redneckin3words
652865549119148032	large print books #redneckin3words @midnight
652865306189295616	i speak 'merican! #redneckin3words @midnight
652879363101298688	sister-cousin-wife @midnight #redneckin3words
652771053127770112	@midnight kim davis supporter #redneckin3words
652819728222826496	@midnight #redneckin3words possum casserole night
652867415601205248	country music twang #redneckin3words @midnight
652718095585316864	marry me, sis? @midnight #redneckin3words
652705804420820992	@midnight meth cookin' granny #redneckin3words
652883018235908096	@midnight #redneckin3words fetal alcohol syndrome
652707750460440577	@midnight singled out host #redneckin3words
652718275382542336	@midnight #redneckin3words i hear banjos.
652721487078686720	"@midnight #redneckin3words ""red, white, and blue!"""
652866936834011136	never been sober #redneckin3words @midnight
652748047139471360	trailer park tornado  #redneckin3words @midnight
652900430729474048	outhouse related injury #redneckin3words @midnight
652799111297675264	@midnight fireworks and beer #redneckin3words
652879227293933568	sis's lookin' perdy.  #redneckin3words @midnight
652342102630789120	wrestling themed wedding. #redneckin3words @midnight
652883124574142468	@midnight #redneckin3words trump for president
652711777940037632	first cousin lovin' #redneckin3words @midnight
652866823986221056	what's a book #redneckin3words @midnight
652694483281289216	@midnight family reunion rohypnol #redneckin3words
652829852509315072	@midnight swimming hole tapeworm #redneckin3words
652695228156104704	@midnight walmart special occasion #redneckin3words
652738926164054017	meth, meth, meth #redneckin3words @midnight
652710475961118721	@midnight unnecessary rascal ride #redneckin3words
652330997153943552	grammar? she's dead. #redneckin3words @midnight
652785688337776640	'merica, fuck yeah @midnight  #redneckin3words
652825511484223488	hold my beer. #redneckin3words @midnight
652702572138987520	jesus loves.guns  #redneckin3words @midnight
652335457213149184	#redneckin3words pumpkin spice possum @midnight
652707488597417988	white since birth @midnight #redneckin3words
652858701317967872	@midnight half ply tp #redneckin3words
652761142935203840	lawn mower racing #redneckin3words @midnight
652748299804368896	pass the ammunition  #redneckin3words @midnight
652713108058845184	all lives matter. #redneckin3words @midnight
652748456067334144	@midnight barbecue flavored beard #redneckin3words
652696598888235008	git er done #redneckin3words @midnight
652712852978049025	don't tell mom. #redneckin3words @midnight
652326933917749248	teeth are overrated @midnight #redneckin3words
652758577405259776	runs with chainsaws. #redneckin3words @midnight
652825092620095488	god bless texas! #redneckin3words @midnight
652697911604695040	kim davis's husband  #redneckin3words @midnight 
652723796919480324	squirrel and moonshine #redneckin3words @midnight
652761329158086656	pabst blue ribbon #redneckin3words @midnight
652865689833877504	my sister's single #redneckin3words @midnight
652744598121377793	stars on justified  #redneckin3words @midnight
652743602964054017	forgot sunscreen silly #redneckin3words @midnight
652733414726983680	melanoma removal scars #redneckin3words @midnight
652699434342576132	deliverance: the documentary #redneckin3words @midnight
652726589176725505	meth'd up mondays #redneckin3words @midnight
652725619743064064	#redneckin3words felching uncle earl  @midnight
652739153134661632	i luv murica #redneckin3words @midnight
652896322018635776	roll tide!  wait... dang #redneckin3words @midnight
652833407010009088	@midnight #redneckin3words flannel long underwear
652899830793170944	@midnight donald trump supporters. #redneckin3words
652703046997114881	solar? my neck!  #redneckin3words @midnight
652793915154825217	@midnight multiple cops appearances #redneckin3words
652695210162450432	@midnight #redneckin3words               merica fuck yeah!
652710848260128768	@midnight walmart swimming pool #redneckin3words
652880222732320768	everybody, my bruncle!  (brother + uncle) #redneckin3words @midnight
652859879321956352	sheets for curtains #redneckin3words @midnight
652828316093779969	national beverage: moonshine #redneckin3words @midnight
652329663516180480	toilet flower pots #redneckin3words @midnight
652740929451765760	here, watch this... @midnight #redneckin3words
652868553473945600	father brother in-law #redneckin3words @midnight
652760955772801024	truck nuts funeral #redneckin3words @midnight
652824003887919104	autotrader lifetime subscription #redneckin3words  @midnight
652890988512280576	@midnight antique spool coffeetable #redneckin3words
652694957334118400	@midnight gray wolf t-shirt #redneckin3words
652705998398853120	i do, sis #redneckin3words @midnight
652828346204688384	@midnight nascar is on! #redneckin3words
652709663285334016	@mirorama we met him on #hallowen? #redneckin3words westboro baptist jerks @midnight @kaybee1981 @pjthoughtproces 
652887353162231808	what's tree words #redneckin3words @midnight
652894717345050624	deep fried butter #redneckin3words @midnight
652698206992760833	votin' fer trump #redneckin3words @midnight
652707722408935424	proud father uncle @midnight #redneckin3words
652710680290660352	@midnight #redneckin3words hey, yer pretty @hardwick
652790338004750336	my sister's sexy! #redneckin3words @midnight
652696820729139201	road kill buffet #redneckin3words @midnight
652745297597198336	uncle step dad @midnight #redneckin3words
652819043712417792	@midnight #redneckin3words nascar, guns, and beer.
652889026014261248	hold my beer! #redneckin3words @midnight
652325097487900672	beard of wonders #redneckin3words @midnight
652827350854443008	guns give orgasms #redneckin3words @midnight
652696514087776256	not my president!  #redneckin3words @midnight
652706721471795200	@midnight third tractor dui #redneckin3words
652751311994097664	two finger bowling! @midnight #redneckin3words
652831563340775424	that's my uncledad! #redneckin3words @midnight
652711195506552832	@midnight hates jon stewart #redneckin3words
652706506236907520	@midnight toothless mug shot #redneckin3words
652879841092599808	foxworthy for prezadent #redneckin3words @midnight
652820913994493953	@midnight #redneckin3words automotive lawn art 
652719969575108608	sister-cousin wife #redneckin3words @midnight
