725794975821131776	house of cars on blocks #rednecktvshows @midnight
725789104475127808	cow's anatomy #rednecktvshows @midnight
725788144898072576	are you a fifth grader #rednecktvshows @midnight
725770452119871490	arrested degenerate @midnight #rednecktvshows #tonyhale
725790699262754818	antique road kill #rednecktvshows @midnight
725794203494584320	squirrel meets world  #rednecktvshows @midnight
725782532290027521	dexter's methlaboratory #rednecktvshows @midnight
725790464159404032	pretty little sisters #rednecktvshows @midnight
725764049896624128	#rednecktvshows @midnight  once upon a tooth.
725777498877763585	monday night beer can football #rednecktvshows @midnight
725782282947166208	all southern family reunion/wedding #rednecktvshows @midnight
725776504194519040	@midnight #rednecktvshows @midnight duck hunting.
725769087759093760	overalls in the family... #rednecktvshows @midnight
725790743311298560	queer as folk? kill 'em! #rednecktvshows @midnight
725793990600073216	how to get away with murdering hookers. #rednecktvshows @midnight
725790181232619520	gunfight at the golden corral #rednecktvshows @midnight
725790873192009728	the amazing race - ist #rednecktvshows @midnight
725788941799022592	reel trailerwives of texarkana #rednecktvshows @midnight
725777789266219008	wwe presents fishin' with fat guys #rednecktvshows @midnight
725776067496153089	arrested mobile home development  #rednecktvshows @midnight
725797554282205186	orphan white @midnight #rednecktvshows
725769550847959041	jim crownanza! #rednecktvshows @midnight
725779362751062016	@midnight   8 simple rules for dating my teenage daughter  first rule. nobody has sex with my daughter but me!  #rednecktvshows
725779476320276480	@midnight #rednecktvshows keeping up with  the dukes of hazzard
725764206419673088	#rednecktvshows @midnight  saved by the cow bell.
725786801504284672	game of trailers #rednecktvshows @midnight
725782283035250688	how i met your mother... at a family reunion #rednecktvshows @midnight
725774135759110149	dancing with the stars and bars... #rednecktvshows @midnight
725780602360844288	sisters/wives  #rednecktvshows @midnight
725781677394530304	guns and anarchy #rednecktvshows @midnight
725790588415569920	deliverance agnes  #rednecktvshows @midnight
725764091067924480	#rednecktvshows @midnight  nashville.
725772893171363842	trailer, m.d. #rednecktvshows @midnight
725763587852132352	the amazing racist @midnight #rednecktvshows
725791116054945792	out house #rednecktvshows @midnight
725789532981989376	person of incest #rednecktvshows @midnight
725766318201278464	@midnight #rednecktvshows are you actually white, the dna testing reality show
725790338602913792	congrats, @midnight top tweeters! @greggonsky @lpizzle @marcoe_polo21 @garycoaston #rednecktvshows good luck tonight! 
725787221807124480	sisterwife #rednecktvshows @midnight
725797394953154560	how i met your mother cousin @midnight #rednecktvshows
725781045098979331	two yokel girls #rednecktvshows @midnight
725790055432867840	law &amp; hoarder #rednecktvshows @midnight
725777004054892545	@midnight #rednecktvshows marvel's agents of duck shield.
725778571579396096	are you married to a fifth grader? #rednecktvshows @midnight
725765937874395136	@midnight #rednecktvshows are you smarter than a black person
725786787994583042	sex in the barn #rednecktvshows @midnight
725787954405249024	@midnight #rednecktvshows just the farmer's tan of us
725788943946489858	marvel's agents of d.e.a. #rednecktvshows @midnight
725776148936941568	orange is the new cammo #rednecktvshows @midnight
725796926814359553	queer eye for the heathens @midnight #rednecktvshows
725794842916192256	klanned parenthood #rednecktvshows @midnight
725781336288550912	fresh off the goat #rednecktvshows @midnight
725774447370731521	@midnight daryl dixon and the other folks #rednecktvshows
725777708731523072	#rednecktvshows @midnight the flash - ing i do in the trailer park.
725793421777092609	south trailer park #rednecktvshows @midnight
725763253570293760	"@midnight #rednecktvshows ""yee-haw the next generation. """
725762790577831936	the walmartons... #rednecktvshows @midnight
725762745539371008	@midnight saved by the dinner bell #rednecktvshows #pointsme
725767381465714688	how i met yo mama (at a family reunion) @midnight #rednecktvshows
725797146176421888	mtv cribs... literal cribs... tons of 'em. @midnight #rednecktvshows
725773248324063232	vh1's pickup truck artist #rednecktvshows @midnight
725764009044131842	"@midnight #rednecktvshows  ""we built it out of old pilot boards."""
725786075050864640	battlestar fried-cat-ica #rednecktvshows @midnight
725777321915879428	my actual pony  #rednecktvshows @midnight
725529839432691712	bigot brother #rednecktvshows @midnight
725536187956355073	i dream of ged  #rednecktvshows @midnight
725543207065493506	thars company @midnight #rednecktvshows
725527686010015744	sailor moonshine.@midnight  #rednecktvshows
725665046982975489	gordon ramsey's trailer nightmares @midnight #rednecktvshows
725527510641946624	incest and the city #rednecktvshows @midnight
725704959442866177	outhouse of cards #rednecktvshows @midnight #pointsme
725539038409687040	the real housewives of hazard county #rednecktvshows @midnight
725530618696708096	unbreakable kimmy davis #rednecktvshows @midnight
725531442130776064	two and a half teeth #rednecktvshows @midnight
