746395385170649088	tony hawk's pro mater #ruinavideogame @midnight
746403973498822658	"@midnight @burnie @gavinfree @bdunkelman ""silent hills"" #ruinavideogame #fuckyoukonami"
746404096899325952	final fantasy island #ruinavideogame @midnight
746405639899885568	#ruinavideogame @midnight legging of zelda
746397016624881664	crash pounding-coot #ruinavideogame @midnight
746395945206702080	er for the atari 2600 #ruinavideogame @midnight
746396105861128193	doggy-land-minecraft #ruinavideogame @midnight
746403031114256384	you don't know jill either. #ruinavideogame @midnight
746400239368581120	@midnight #ruinavideogame injustice: cops among us
746397346511020032	@midnight kindom sharts #ruinavideogame
746404308678152196	@midnight luigi's studio apartment #ruinavideogame
746395920380628992	l.a. choir #ruinavideogame @midnight
746404016133910529	light drizzle @midnight #ruinavideogame
746393423406579712	hemorrhoids.  #ruinavideogame @midnight
746396569927303169	angry turds #ruinavideogame @midnight
746395570655354880	arkham aesthetics.  #ruinavideogame @midnight
746404921830932480	brand new auto.  #ruinavideogame @midnight
746395467970404352	plants vs. government.. #ruinavideogame @midnight
746403496237240322	time housing crisis  #ruinavideogame @midnight
746392148405170176	@midnight need for speedo #ruinavideogame
746396734612439041	zelda: red light princess #ruinavideogame @midnight
746393734363906048	frugger #ruinavideogame @mavissav @midnight 
746396788211449856	wii fuck #ruinavideogame @midnight
746392535912701952	waitcraft #ruinavideogame @midnight
746396609408286720	tony hawk's prostate exam.. #ruinavideogame @midnight
746396780640690176	#ruinavideogame mineshaft collapse-craft @midnight
746393588259500032	fudge pac-man.  #ruinavideogame @midnight
746391653422759936	call of doody: ghost peppers #ruinavideogame @midnight
746398125816897536	@midnight #ruinavideogame overbeingwatched
746397206568144896	grand theft autofellatio @midnight #hashtagwars #ruinavideogame
746404875639070720	#ruinavideogame injustice: dogs among us @midnight
746405240669253637	#ruinavideogame @midnight pegged
746401148534349824	@midnight #ruinavideogame ftl: faster than larry
746391960601059328	@midnight #ruinavideogame halo: the master chef collection
746392929434898432	the legend of trump #ruinavideogame @midnight
746396941429407745	mario swingers party #ruinavideogame @midnight
746393505283530752	higher emblem: half-baked #ruinavideogame @midnight
746401969594568704	super breakup #ruinavideogame @midnight #hashtagwars
746403914841530368	vice president evil.  #ruinavideogame @midnight
746400709118033924	@midnight #ruinavideogame sonic lost cause
746397173005303808	world of crafts.  #ruinavideogame @midnight
746396645185699840	crack-y crush saga #ruinavideogame @midnight
746396474657878016	contra...band #ruinavideogame @midnight
746406309432537088	mass erect #ruinavideogame @midnight
746400601307676676	tetnis #ruinavideogame @midnight
746396154393427968	@midnight hulk hogan's alley #ruinavideogame
746398368260292608	launch day dlc #ruinavideogame @midnight
746397132710641665	#ruinavideogame metal gear solid waste from your butthole @midnight
746393701161697280	passive aggressive birds #ruinavideogame @midnight
746392495706243072	grass effect:  the scifi game where you watch grass grow.  @midnight #ruinavideogame
746401308823986176	breakup #ruinavideogame @midnight #hashtagwars
746394243250282498	smash bros fraternity addition #ruinavideogame @midnight
746393326497075200	super stash bros. #ruinavideogame @midnight
746401835062165504	minekampft #ruinavideogame @midnight
746405191528775682	call of doodie  #ruinavideogame @midnight 
746396170847674368	frogger style #ruinavideogame @midnight
746394485458886656	tony hawk's pro crastinator.@midnight  #ruinavideogame
746402229704286209	wii sportsbra #ruinavideogame @midnight
746393393421418496	olde-tymey warfare 3 #ruinavideogame @midnight
746393618227695616	secret of menstruating  #ruinavideogame @midnight
746393707625123841	kirby wwe superstar #ruinavideogame @midnight
746403420047708160	call of duty: post-ops #ruinavideogame @midnight
746395113379635200	ratchet and my crank! #ruinavideogame @midnight
746396379057164289	donkey beer pong kong #ruinavideogame @midnight
746403820746354688	alan wakeboarding @midnight #ruinavideogame
746390324478615552	super street artist ii turbo hipster championship edition #ruinavideogame @midnight
746395666461523969	fallout of the eu: brexit #ruinavideogame @midnight
746396237121916931	rock hard band #ruinavideogame @midnight
746396576151572480	@midnight skyrimjob #ruinavideogame
746396475848962048	mario shopping kart #ruinavideogame @midnight
746389894793207808	brad pitt fall #ruinavideogame @midnight
746389832021217280	grand theft auto: based on the movie san andreas #ruinavideogame @midnight
746406523446820868	"batman: arkham ""we're totally giving you an original villain"" knight. @midnight #ruinavideogame"
746405895618199553	#ruinavideogame @midnight pt man
746388517433937921	sonic the hedge fund manager #ruinavideogame @midnight
746398570417270790	@midnight gop of war #ruinavideogame
746397407898910720	@midnight grand theft auto is a felony, you should always obey the law. #ruinavideogame
746390398369619968	@midnight god of bore: falling asleep #ruinavideogame
746401071556239360	ecco the tuna #ruinavideogame @midnight
746403135338340352	donkey punch country #ruinavideogame @midnight
746390087290724354	avenue q-bert #ruinavideogame @midnight
746399419587665921	@midnight #ruinavideogame quantic dream presents a david cage game...
746395298994356224	the legend of zelda: the wind breaker #ruinavideogame @midnight
746388500027670529	e.t. the erecting-terrestrial  #ruinavideogame @midnight 
746399494804103168	browneye @midnight #ruinavideogame
746392914645946368	pharmville #ruinavideogame @midnight
746406355112583169	#ruinavideogame @midnight twisted fellow
746398795030626305	@midnight #ruinavideogame star wars: the george unleashed
746396375080906752	golden axe body spray #ruinavideogame @midnight
746404447824207872	@pileckis @midnight #ruinavideogame personal space invaders
746404794068172800	#ruinavideogame kardashian warriors @midnight
746397294723993600	@midnight  super mario lopez    #ruinavideogame
746394727830814720	wmba #ruinavideogame @midnight
746397512324390912	watchdogs eat their owner. #ruinavideogame #addgameofthrones @midnight @hardwick
746398892263038976	@midnight dildozer #ruinavideogame
746402686661058560	grand theft auto-erotic asphyxiation #ruinavideogame @midnight
746399057598259200	ray rice's punch-out!! #ruinavideogame @midnight
746403315773104128	the farcrying game  #ruinavideogame @midnight
746406119959109632	"rocksteady's new dc licensed title ""detective chimp"" (jk, i would love a detective chimp video game.) #ruinavideogame @midnight"
746396229966270464	#ruinavideogame animal house crossing @midnight
746392939715125248	dr. mario's waiting room #ruinavideogame @midnight
746400979428401152	brain damage #ruinavideogame @midnight
746402531773865985	@midnight grand theft autoerotic asphyxiation #ruinavideogame
746406191044005889	#ruinavideogame @midnight metal richard gear solid
746393068585160706	the hairy orange box #ruinavideogame @midnight
746396312573251584	suck-it ralph #ruinavideogame @midnight
746396002765115393	sim shitty #ruinavideogame @midnight
746388305068068865	@midnight #ruinavideogame   safespace invaders
746396860252815360	wii f**k #ruinavideogame @midnight
746388825811738624	@midnight donkey dong #ruinavideogame
746190781417918464	world of arts & craft #ruinavideogame @midnight
746183823784878081	@midnight #pointsme #ruinavideogame halo by @adele
746215476297031682	rouge  #ruinavideogame @midnight
746201004492754944	leisure suit larry david @midnight  #ruinavideogame
746225938824724480	grand theft auto zone #ruinavideogame @midnight
746189162110390272	oregon trailer park #ruinavideogame @midnight
746185068855468033	metal beer solid @midnight #ruinavideogame
746184513466793984	assassins peed #ruinavideogame @midnight
746184142572953609	mario lemon party #ruinavideogame @midnight
746201530487865344	use your words with friends #ruinavideogame @midnight
