667375945133592576	@midnight #sexyholidays  keaster
667369283761086464	chanucocks. you're going need more than 8 days of oil.   #sexyholidays @midnight
667353833421434880	bondage veteran's day #sexyholidays @midnight
667354998305660928	any hole-y day #sexyholidays @midnight
667359290164817920	@midnight #sexyholidays dingle swells #pointsme
667372446622740480	@midnight #sexyholidays stocking stuffers
667355256754343936	yeaster  #sexyholidays @midnight @pointsme
667201462338891776	cream pi day #sexyholidays @midnight
667353671038963712	groundhug day #sexyholidays @midnight
667354493311324161	box-ing day ( how can you improve upon that?) #sexyholidays @midnight @pointsme
667351576995094528	st. poke your ass day i'll pinch you if your not wearing cream #sexyholidays #pointsme @midnight
667371402505248768	happy birthday mr presidents day #sexyholidays #pointsme @midnight
667365010721677312	spanksgiving #sexyholidays @midnight
667368396787351552	labial independence day #sexyholidays @midnight
667369234234675200	st. pat's dick day #sexyholidays @midnight #pointsme
667367187888414720	grounghoggie style day #sexyholidays @midnight
667371328404652032	santa's elves.  they're just so damn sexy.   #sexyholidays @midnight
667369481124057089	national bareback humpalot day #sexyholidays @midnight
667353913255837697	girth day #sexyholidays @midnight
667368858601189376	what what in the butt day #sexyholidays @midnight
667201078774001664	grindrhog's day - #sexyholidays @midnight #pointsme
667356582309531648	@midnight carving a halloween blumpkin #sexyholidays #pointsme
667351941920329728	fappy xmas (war is over) #sexyholidays @midnight
667372318080049152	"bob crotchit gets a face full of figgy puddin' from ebeneezer spooge in charles dick-ins ""a fistmas carol""  #sexyholidays @midnight"
667367077230039040	it's the great blumpkin, charlie brown #sexyholidays @midnight
667198394469711872	swalloween #sexyholidays @midnight
667357388006031360	handel's massage #sexyholidays #pointsme @midnight
667370424448094208	@midnight  #sexyholidays ddd-day
667230238330347520	huge d-day #sexyholidays @midnight #pointsme
667212375637024768	2 girls, 1 starbucks red cup #sexyholidays #pointsme @midnight
667367641187786753	mardi bra #sexyholidays @midnight
667367091901734912	all taints day #sexyholidays @midnight #pointsme
667368216067485697	palm job sunday #sexyholidays @midnight
667370840267186176	@midnight #sexyholidays milf and cookies
667352218656514048	@midnight #sexyholidays #pointsme santa claus is cumming to town
667368471798423552	corn holy saturday #sexyholidays @midnight
667358931115708416	spanxgiving #sexyholidays @midnight
667365234068348928	push shoshana #sexyholidays  @midnight
667374694731923456	@midnight #sexyholidays all i want for christmas is hot sex
667367932935184384	purim-plants #sexyholidays @midnight
667353554269507584	arbwhore day #sexyholidays @midnight
667367975175847937	"the twelve inches of christmas #sexyholidays @midnight (she says, ""centimeters, you're looking at centimeters."")"
667355262831857664	thanks-gstring #sexyholidays @midnight
667363053890117632	@midnight the festival of fleshlights #sexyholidays #pointsme
667373552795021312	#sexyholidays  @midnight grandmama was gang banged by the reindeer mascot.
667358598490554368	day of the head #sexyholidays @midnight
667359770622455808	@midnight jesus f*cking christmas #sexyholidays #pointsme
667366289598496768	taint paddy's lay #sexyholidays  @midnight
667359718587949056	@midnight bbd friday #sexyholidays
667358828770406400	fistivas #sexyholidays @midnight
667373056931864576	@midnight north pole-dancers #sexyholidays
667376704336216064	@midnight  the little hummer boy, likes it in the bum,bum,bum,bum... til he cums #sexyholidays
667361144596770816	@midnight rated-xmas #sexyholidays #pointsme
667376452451463168	@midnight ass wednesday #sexyholidays #pointsme
667360000113815552	@midnight hallowiener #sexyholidays #pointsme
667371896497827840	@midnight rudolf, the red hot butthole #sexyholidays
667367452532203521	susan pee on anthony's day #sexyholidays  @midnight
667358546606952448	@midnight #sexyholidays just the mistletip.
667366027806789633	xxx-mas #sexyholidays  @midnight
667357548408872960	@midnight mem-oral-ial day #sexyholidays
667351550151557121	box day  #sexyholidays @midnight
667365806540513281	whoreth of july #sexyholidays @midnight
667361414244265984	hanuknock on my back door #sexyholidays @midnight #pointsme
667354410176131073	pantsgiving #sexyholidays @midnight
667357084371935232	@midnight oh christmas g-string, oh christmas g-string #sexyholidays #pointsme
667356673003102208	netflix and chill day @midnight  #sexyholidays
667353579368357889	international bang like a pirate day  #sexyholidays @midnight
667357073219325952	cum all ye faithful #sexyholidays @midnight
667225640756600832	remember, remember the 5th time you bend her. #sexyholidays @midnight
667359233369841665	@midnight mardi gras anal beads (it's right there!) #sexyholidays
667351685228990464	hannubukkake #sexyholidays @midnight
667375832634032129	"all holes day #sexyholidays @midnight  (or if i heard it wrong, ""all hoes day."")"
667358280843329536	st. baddies day  #sexyholidays @midnight
667370777486958593	ass wednesday.  #sexyholidays @midnight
667358676123037696	"@midnight ""silver balls, silver balls, it's time for some tinman role play."" #sexyholidays #pointsme"
667371001064230913	#sexyholidays blue balls santa @midnight #pointsme
667368685946822657	valengrind's day #sexyholidays @midnight #pointsme
667357896678621184	@midnight #sexyholidays turkey party #pointsme
667199119073615873	guy fucks day #sexyholidays @midnight
667367271199858688	cleanly shaved box-ing day #pointsme #sexyholidays @midnight
667369207957442560	double-d day #sexyholidays @midnight
667377587585474560	@midnight  flag pole day #sexyholidays #pointsme
667359443512750080	@jniffen: @midnight #sexyholidays just the mistletip. #pointsme
667358273390157825	@midnight it's the great blumpkin charlie brown! #sexyholidays
667373644755111936	thanksgiving and receiving oral @midnight #sexyholidays #pointsme
667372307719913474	@midnight #sexyholidays elf on a milf
667360794233974785	@midnight hanukkum, the festival of tight #sexyholidays #pointsme
667365064110817280	@midnight. take your daughter to twerk day. #sexyholidays
667372157912002560	@midnight #sexyholidays island of misfit dildos
667352240596717570	good king wenceslas went down on his wife mariaaa  #sexyholidays #pointsme @midnight
667359852432334848	@midnight the nutbuster suite #sexyholidays #pointsme
667351813335683073	friday the 69th  #sexyholidays @midnight #pointsme
667371425632768000	"@midnight #sexyholidays   @hughhefner with the ""holly"" and the ""ivy"""
667367202706747392	nude year's day #sexyholidays @midnight #pointsme
667357475079720960	@midnight #sexyholidays thanksgiving head #pointsme
667372225750659072	#sexyholidays don we now our bondage apparel @midnight #pointsme
667371509455962112	sweetest's safe word day #sexyholidays @midnight
667375989371072512	grandma took a facial from a reindeer #pointsme #sexyholidays @midnight
667377369834004480	fistmas  #sexyholidays @midnight
667353608782921729	rosh handjobanah  #sexyholidays @midnight @pointsme
667369514955313152	victoria secret day. #sexyholidays #pointsme @midnight
667366134417616896	...like a bowl full of ky jelly #sexyholidays @midnight #pointsme
667366388751851520	vd-day #sexyholidays  @midnight
667369040365658113	new year's lay. #sexyholidays #pointsme @midnight
667353431837798400	charlie brown hole christmas #sexyholidays #pointsme @midnight
667353167802208256	 it's beginning to look a lot like chlamydia  #sexyholidays #pointsme @midnight
667369008484716544	flag in my vag day #sexyholidays @midnight
667367490155073536	st. patty cake day #sexyholidays @midnight
667362343613956096	mister president's day #sexyholidays @midnight #pointsme 
667371214583656448	#sexyholidays blue balls christmas @midnight #pointsme
667368141161234432	"@midnight ""elf on myself"" #sexyholidays"
667370598805274624	#pointsme  #sexyholidays @midnight  fistival of lights
667361773985529856	... and when it's hard and ready, with your dreidel i will play. #sexyholidays @midnight @hardwick
667358482627100672	@midnight it's beginning to look a lot like dat ass #sexyholidays
667351584007847936	jingle bell cock #sexyholidays @midnight
667376990056374272	@midnight #sexyholidays veterans who like butt stuff day
667353364598919168	under the camel toe #sexyholidays #pointsme @midnight
667366762359480320	autoerotic asphyxiating the stockings #sexyholidays @midnight #pointsme
667198379328454656	yum kippur  #sexyholidays @midnight #pointsme
667351622406823936	silver balls #sexyholidays @midnight
667374848709029888	feel us navydad  #sexyholidays @midnight #pointsme #hashtagknights #qweeflatina
667364577005432832	i'll try not to get gravy in your eyes. #sexyholidays @midnight #pointsme
667372191227351040	jingle ball gag #sexyholidays @midnight
667352302672547841	all poles day  #sexyholidays @midnight
667365385872756736	halloweenie #sexyholidays  @midnight
667368667101929472	harvey milf day #sexyholidays @midnight
667365517234216960	dp-day #sexyholidays @midnight
667372682732695552	@midnight #sexyholidays christmas light #bdsm
667373878277185537	brabor day #sexyholidays @midnight
667365716916633602	the three legs men #sexyholidays @midnight #pointsme
667367939100798980	rosie palm and her five sisters sunday #sexyholidays @midnight
667365926250090496	armistits day #sexyholidays  @midnight
667366156878143488	valentine's lay #sexyholidays  @midnight
667368860446810113	new years queef  #sexyholidays @midnight
667353981077745664	mannheim cleveland steamer  #sexyholidays #pointsme @midnight
667359006130728962	@midnight #sexyholidays hallopeen
667367545473622016	@midnight #sexyholidays oh come on ye faithful
667201717956706304	dat ash wednesday #sexyholidays @midnight
667360726659436544	@midnight hannucum #sexyholidays #pointsme
667366227896070144	@midnight  indapoondence day #sexyholidays #pointsme
667354058609418240	12 inches of christmas  #sexyholidays #pointsme @midnight
667371407899099137	#sexyholidays vagivus @midnight #pointsme
667365629280800769	teaflag day #sexyholidays  @midnight
667368592091062273	keister sunday #sexyholidays @midnight
667370076518146048	once you go black friday. #sexyholidays #pointsme @midnight
667365337877356544	tom hanksgiving #sexyholidays #pointsme @midnight
667357236256206848	the great blumpkin charlie brown #sexyholidays @midnight
