668648951445372928	stuffing more than a turkey @midnight #thanksgivingin5words
668302554686619648	near lethal doses of tryptophan. #thanksgivingin5words #pointsme @midnight
668196294557605888	guess what, mom? i'm gay! #thanksgivingin5words #pointsme @midnight
668276245319274496	racist grandpa shouts thanks obama #thanksgivingin5words @midnight #pointsme
668795898734866432	glenn's alive. best thanksgiving ever! #thanksgivingin5words @midnight
668283788535816192	get out of my way! -christmas #thanksgivingin5words @midnight #pointsme
667560357351657473	the smallpox are gluten-free! #thanksgivingin5words @midnight #pointsme
668202785519747072	thanks for the food, bye  #thanksgivingin5words @midnight
668505179457720320	@midnight know what? i hate you. #thanksgivingin5words
668251514880704512	my cousin is so purty #thanksgivingin5words @midnight
668461785897263104	turkey called in sick again....#thanksgivingin5words #pointsme @midnight
668862617335652352	@midnight only sauce that's really jello #thanksgivingin5words
668319455496159235	avoid relatives: intentional food coma. #thanksgivingin5words @midnight
668250196644528128	cheap tickets for guilt trip #thanksgivingin5words @midnight
668317164403691520	dad's inappropriate turkey puppet show @midnight #thanksgivingin5words #pointsme
668675327665774592	@midnight #thanksgivingin5words chris hardwick bangs fat chicks. #pointsme
668249791143374848	grandparents say the racist things #thanksgivingin5words @midnight
668807390297325568	another reason to smoke marijuana. #thanksgivingin5words @midnight
668483659121356804	someone stole my voodoo t-shirt #thanksgivingin5words #pointsme @midnight
668464533699100672	police shot the turkeys escaping #thanksgivingin5words #pointsme @midnight 
668312183126650880	rover was a good dog... #thanksgivingin5words @midnight
668363606799568896	pretend i'm not a vegan #thanksgivingin5words @midnight
667608099323162624	one day off for chickens. @midnight #thanksgivingin5words
668285855744684033	eat like a damn barbarian #thanksgivingin5words @midnight
668484361080078336	lotsa' poo the next morning #thanksgivingin5words @midnight #pointsme
668378900871798784	@midnight #thanksgivingin5words what's dryer grandma or turkey.
668471855708246016	much better since parents died #thanksgivingin5words @midnight #pointsme
668269484621193217	@midnight turkey killed pork luscious, fucker #thanksgivingin5words
668206831605555200	niece ate my pot brownies #thanksgivingin5words @midnight #pointsme
668311812568313856	no, mom, i'm not dating #thanksgivingin5words @midnight
668246261649264641	@midnight #thanksgivingin5words #pointsme us double fisting a turkey
668681331585384448	"@midnight ""let's watch capturing the friedmans."" #thanksgivingin5words #pointsme"
668831123473047557	best day of the year! #thanksgivingin5words @midnight
668860523430019072	ewwww... who stuffed the turkey? #thanksgivingin5words. @midnight
668208704127397888	medical ailment stories and food #thanksgivingin5words @midnight #pointsme
668491478516129792	turkey turkey turkey turkey turkey #thanksgivingin5words  #pointsme  @midnight 
668431752520568832	@midnight cougar aunt's high school boyfriend. #thanksgivingin5words
668361184219930624	bones in the jello mold #thanksgivingin5words @midnight
668362258246934528	jell-o mold or pocket p***y? #thanksgivingin5words @midnight
668538199665414144	family happily chokes on cock @midnight #thanksgivingin5words
668446592404451328	sorry i have to work #thanksgivingin5words  @midnight  btw 2 beck references too many
668364131892875265	gobble gobble, gobble gobble- *silence* #thanksgivingin5words @midnight
668364818148139008	so glad dad isn't here #thanksgivingin5words @midnight
668430012794687488	@midnight #thanksgivingin5words   stuffing is butt hole bread
668250885508599808	tea bagging the gravy boat #thanksgivingin5words @midnight #pointsme
667566040033984512	dinner while sobbing to adele @midnight  #thanksgivingin5words
668667978901123072	flight is delayed 9 hours #thanksgivingin5words @midnight #pointsme
668265978506158080	can shaped cranberry sauce required. @midnight #thanksgivingin5words
668344295129092096	@midnight white meat or dark meat? #thanksgivingin5words #pointsme
668482204549287938	@midnight hide the whiskey from grandma #thanksgivingin5words #pointsme
668842154488233984	turkey brined in family's tears  @midnight #thanksgivingin5words #pointsme
667574533176487937	everyone, we're going to dennys! #thanksgivingin5words @midnight
668343819981578240	@midnight tofu turkey is for wimps! #thanksgivingin5words #pointsme
668698768275931136	forced family interaction over turkey:) #thanksgivingin5words #pointsme @midnight
668430729274003456	@midnight conservative uncle meets gay son #thanksgivingin5words
668235293829554177	why is dinner so early? #thanksgivingin5words @midnight
668431997849604096	@midnight pie alone in the bathroom #thanksgivingin5words
668605329467273218	@midnight that was last month, eh! #thanksgivingin5words #canada
668674464683429888	#blackfridaylivesdomatter  #thanksgivingin5words @midnight
668365256238997504	just five more minutes mom! #thanksgivingin5words @midnight #fallout4
668311328197509122	he brought his skanky girlfriend #thanksgivingin5words @midnight
668305688544677888	smoke alarm says turkey's done! @midnight #thanksgivingin5words
668576638464954369	eating thanksgiving dinner in line  #thanksgivingin5words @midnight
668768694470885377	natives get the left overs @midnight #thanksgivingin5words
668460298303488001	peel me i'm a banananana!! #thanksgivingin5words #pointsme @midnight
668765026619170816	@midnight #thanksgivingin5words  i hate my f@cking family
668366804264292352	when your parents get divorced. #thanksgivingin5words @midnight
668308376946802689	tryptophan is nature's delicious roofie. @midnight #thanksgivingin5words
668230533206421504	"#thanksgivingin5words ""uncle wrestling me tears denial"" @midnight"
667569650645921792	not now. playing fallout 4. #thanksgivingin5words #pointsme @midnight
668361764829032448	is it christmas time yet? #thanksgivingin5words @midnight
668482893950267392	feast on dismembered bird parts #thanksgivingin5words @midnight #pointsme
668604415654404097	gonna poop like five times #thanksgivingin5words @midnight #pointsme
667581416708833280	marshmallows on my yams? blasphemy! #thanksgivingin5words @midnight
668828312899207168	feces summit get in line #thanksgivingin5words #pointsme  @midnight 
668623420490256384	@midnight please pass me the tryptophan #thanksgivingin5words
668457577068552192	why do we torture ourselves? #thanksgivingin5words @midnight #pointsme
667561073885642752	overeat, tweet, repeat, repeat, repeat. #thanksgivingin5words @midnight
668208834440208384	america celebrates annex with turkey #thanksgivingin5words @midnight #pointsme
668275840556343296	touchy uncle wants a kiss #thanksgivingin5words @midnight #pointsme
667574747069288448	dad drops cigarette in gravy. #thanksgivingin5words @midnight #pointsme
668495562316972032	don't make me eat turducken #thanksgivingin5words @midnight
668410604667957248	#thanksgivingin5words #pointsme @midnight dry turkey and lumpy gravy
668449219917643777	"sing it ""i'm a banana""!! #thanksgivingin5words #pointsme "
668575495928356864	my wife is a vegetarian. #thanksgivingin5words @midnight 
668433645523333120	@midnight casual racism with dark meat #thanksgivingin5words
668645724783947776	white man's rehearsal christmas dinner @midnight #thanksgivingin5words
668580669958791168	is the turkey gluten free? #pointsme  #thanksgivingin5words @midnight #onlyinla
668839721406042112	so the turkey's burnt again???'#thanksgivingin5words #pointsme @midnight
668437458430771200	@midnight another reason to hate whitey. #thanksgivingin5words
668592658504265732	@midnight #thanksgivingin5words dog bit mom's ex husband
668839043531018240	yeah but the turkey burned #thanksgivingin5words #pointsme @midnight 
668444401237028864	vodka,the best potluck item.  #thanksgivingin5words @midnight
668492511057317888	@midnight #thanksgivingin5words family: escape them with death
668650977684140032	getting high then eating pie @midnight #thanksgivingin5words  #pointsme
668311465879691264	my bitch sister ruins everything @ruthherronross #thanksgivingin5words @midnight
668493827251044352	they're here, hide the bodies!! #thanksgivingin5words @midnight
668444886635585537	time to watch lions lose. @midnight #thanksgivingin5words
667576678223212544	still don't have kids, mom. @midnight #thanksgivingin5words  #pointsme
668312524127760384	now, let's go see strippers #thanksgivingin5words @midnight
668302013801738240	break out your buffet pants. #thanksgivingin5words #pointsme @midnight
668432180687736833	@midnight police report on black friday #thanksgivingin5words
667561474206728193	grandpa says obama is satan @midnight #thanksgivingin5words
668532527854825472	"@midnight ""coming out to family-"" ""-no!"" #thanksgivingin5words"
668364704163631105	@midnight another chanceto kill grandma #thanksgivingin5words #pointsme
668240070919483393	@midnight  dad, where are your pants? #thanksgivingin5words
668195728792137728	quick, get the fire extinguisher! #thanksgivingin5words @midnight
668247158118838272	#pointsme @midnight #thanksgivingin5words lets celebrate indian family incesst
668664791699820544	forever at the kid's table #hashtagwars #thanksgivingin5words @midnight #pointsme
668681822142795776	"@midnight ""when will this tryptophan kick..."" #thanksgivingin5words #pointsme"
668862424276037632	@midnight every year there's fewer grandparents #thanksgivingin5words
668266269100126208	@midnight #thanksgivingin5words stink bugs in the stuffing
668673013202575360	odorous compost pie to eat #thanksgivingin5words #pointsme @midnight 
668568145464979456	pumpkin no sweet potato yes! #thanksgivingin5words @midnight
668605046922346496	remember, act straight around grandma #thanksgivingin5words @midnight #pointsme @hardwick
668283352189812736	grandpa's racism makes me uncomfortable #thanksgivingin5words @midnight
668865766318596097	#thanksgivingin5words #pointsme @midnight sure as hell isn't hanukkah...
668250891263197184	quick family dinner between shifts #thanksgivingin5words @midnight
668273358149165056	who gave grandma more wine #thanksgivingin5words @midnight
668627858986819585	@midnight canadians celebrate it in october.  #thanksgivingin5words
668199671811186688	another day of overeating.  'murica! #thanksgivingin5words @midnight
668375531952447488	rarely seen relatives causing arguments #thanksgivingin5words @midnight
668311694783856645	eat! eat! eat! football! zzzzzzzzz #thanksgivingin5words @midnight
668436970649993216	@midnight rednecks and tannerite, enough said? #thanksgivingin5words #pointsme
668287292906143744	#thanksgivingin5words spinster aunt drinks her feelings @midnight
668444964351668228	after last year; no invite.  #thanksgivingin5words @midnight
668840723773452288	my turkeys lived on uranus #thanksgivingin5words #pointsme @midnight 
668207453847318528	tryptophan seven beers drive home #thanksgivingin5words @midnight #pointsme
668236405253005312	what movie will we see? #thanksgivingin5words @midnight
668266436478050304	leftovers leftovers leftovers leftovers leftovers @midnight #thanksgivingin5words
668218570724126720	eateateateatpoop! #thanksgivingin5words #pointsme  @midnight
668684538885767172	happenstance is all i've got #thanksgivingin5words #pointsme @midnight 
668443404531970048	what's too early to drink? @midnight #thanksgivingin5words
668445743229837312	there's hair in the pie. @midnight #thanksgivingin5words
668330057119588352	watching dogs awkwardly being groped #thanksgivingin5words @midnight
668493894192005121	my high school friends got fat #thanksgivingin5words @midnight
